SI-GA-A1	GGTTTACT
SI-GA-A1	CTAAACGG
SI-GA-A1	TCGGCGTC
SI-GA-A1	AACCGTAA
SI-GA-A2	TTTCATGA
SI-GA-A2	ACGTCCCT
SI-GA-A2	CGCATGTG
SI-GA-A2	GAAGGAAC
SI-GA-A3	CAGTACTG
SI-GA-A3	AGTAGTCT
SI-GA-A3	GCAGTAGA
SI-GA-A3	TTCCCGAC
SI-GA-A4	TATGATTC
SI-GA-A4	CCCACAGT
SI-GA-A4	ATGCTGAA
SI-GA-A4	GGATGCCG
SI-GA-A5	CTAGGTGA
SI-GA-A5	TCGTTCAG
SI-GA-A5	AGCCAATT
SI-GA-A5	GATACGCC
SI-GA-A6	CGCTATGT
SI-GA-A6	GCTGTCCA
SI-GA-A6	TTGAGATC
SI-GA-A6	AAACCGAG
SI-GA-A7	ACAGAGGT
SI-GA-A7	TATAGTTG
SI-GA-A7	CGGTCCCA
SI-GA-A7	GTCCTAAC
SI-GA-A8	GCATCTCC
SI-GA-A8	TGTAAGGT
SI-GA-A8	CTGCGATG
SI-GA-A8	AACGTCAA
SI-GA-A9	TCTTAAAG
SI-GA-A9	CGAGGCTC
SI-GA-A9	GTCCTTCT
SI-GA-A9	AAGACGGA
SI-GA-A10	GAAACCCT
SI-GA-A10	TTTCTGTC
SI-GA-A10	CCGTGTGA
SI-GA-A10	AGCGAAAG
SI-GA-A11	GTCCGGTC
SI-GA-A11	AAGATCAT
SI-GA-A11	CCTGAAGG
SI-GA-A11	TGATCTCA
SI-GA-A12	AGTGGAAC
SI-GA-A12	GTCTCCTT
SI-GA-A12	TCACATCA
SI-GA-A12	CAGATGGG
SI-GA-B1	GTAATCTT
SI-GA-B1	TCCGGAAG
SI-GA-B1	AGTTCGGC
SI-GA-B1	CAGCATCA
SI-GA-B2	TACTCTTC
SI-GA-B2	CCTGTGCG
SI-GA-B2	GGACACGT
SI-GA-B2	ATGAGAAA
SI-GA-B3	GTGTATTA
SI-GA-B3	TGTGCGGG
SI-GA-B3	ACCATAAC
SI-GA-B3	CAACGCCT
SI-GA-B4	ACTTCATA
SI-GA-B4	GAGATGAC
SI-GA-B4	TGCCGTGG
SI-GA-B4	CTAGACCT
SI-GA-B5	AATAATGG
SI-GA-B5	CCAGGGCA
SI-GA-B5	TGCCTCAT
SI-GA-B5	GTGTCATC
SI-GA-B6	CGTTAATC
SI-GA-B6	GCCACGCT
SI-GA-B6	TTACTCAG
SI-GA-B6	AAGGGTGA
SI-GA-B7	AAACCTCA
SI-GA-B7	GCCTTGGT
SI-GA-B7	CTGGACTC
SI-GA-B7	TGTAGAAG
SI-GA-B8	AAAGTGCT
SI-GA-B8	GCTACCTG
SI-GA-B8	TGCTGTAA
SI-GA-B8	CTGCAAGC
SI-GA-B9	CTGTAACT
SI-GA-B9	TCTAGCGA
SI-GA-B9	AGAGTGTG
SI-GA-B9	GACCCTAC
SI-GA-B10	ACCGTATG
SI-GA-B10	GATTAGAT
SI-GA-B10	CTGACTGA
SI-GA-B10	TGACGCCC
SI-GA-B11	GTTCCTCA
SI-GA-B11	AGGTACGC
SI-GA-B11	TAAGTATG
SI-GA-B11	CCCAGGAT
SI-GA-B12	TACCACCA
SI-GA-B12	CTAAGTTT
SI-GA-B12	GGGTCAAG
SI-GA-B12	ACTGTGGC
SI-GA-C1	CCACTTAT
SI-GA-C1	AACTGGCG
SI-GA-C1	TTGGCATA
SI-GA-C1	GGTAACGC
SI-GA-C2	CCTAGACC
SI-GA-C2	ATCTCTGT
SI-GA-C2	TAGCTCTA
SI-GA-C2	GGAGAGAG
SI-GA-C3	TCAGCCGT
SI-GA-C3	CAGAGGCC
SI-GA-C3	GGTCAATA
SI-GA-C3	ATCTTTAG
SI-GA-C4	ACAATTCA
SI-GA-C4	TGCGCAGC
SI-GA-C4	CATCACTT
SI-GA-C4	GTGTGGAG
SI-GA-C5	CGACTTGA
SI-GA-C5	TACAGACT
SI-GA-C5	ATTGCGTG
SI-GA-C5	GCGTACAC
SI-GA-C6	ATTACTTC
SI-GA-C6	TGCGAACT
SI-GA-C6	GCATTCGG
SI-GA-C6	CAGCGGAA
SI-GA-C7	GTCTCTCG
SI-GA-C7	AATCTCTC
SI-GA-C7	CGGAGGGA
SI-GA-C7	TCAGAAAT
SI-GA-C8	GTTGAGAA
SI-GA-C8	AGATCTGG
SI-GA-C8	TCGATACT
SI-GA-C8	CACCGCTC
SI-GA-C9	GCGCAGAA
SI-GA-C9	ATCTTACC
SI-GA-C9	TATGGTGT
SI-GA-C9	CGAACCTG
SI-GA-C10	TCTCAGTG
SI-GA-C10	GAGACTAT
SI-GA-C10	CGCTTAGC
SI-GA-C10	ATAGGCCA
SI-GA-C11	GAGGATCT
SI-GA-C11	AGACCATA
SI-GA-C11	TCCTGCGC
SI-GA-C11	CTTATGAG
SI-GA-C12	TCTCGTTT
SI-GA-C12	GGCTAGCG
SI-GA-C12	ATGACCGC
SI-GA-C12	CAAGTAAA
SI-GA-D1	CACTCGGA
SI-GA-D1	GCTGAATT
SI-GA-D1	TGAAGTAC
SI-GA-D1	ATGCTCCG
SI-GA-D2	TAACAAGG
SI-GA-D2	GGTTCCTC
SI-GA-D2	ATCATGCA
SI-GA-D2	CCGGGTAT
SI-GA-D3	ACATTACT
SI-GA-D3	TTTGGGTA
SI-GA-D3	CAGCCCAC
SI-GA-D3	GGCAATGG
SI-GA-D4	CCCTAACA
SI-GA-D4	ATTCCGAT
SI-GA-D4	TGGATTGC
SI-GA-D4	GAAGGCTG
SI-GA-D5	CTCGTCAC
SI-GA-D5	GATCAGCA
SI-GA-D5	ACAACAGG
SI-GA-D5	TGGTGTTT
SI-GA-D6	CATGCGAT
SI-GA-D6	TGATATTC
SI-GA-D6	GTGATCGA
SI-GA-D6	ACCCGACG
SI-GA-D7	ATTTGCTA
SI-GA-D7	TAGACACC
SI-GA-D7	CCACAGGG
SI-GA-D7	GGCGTTAT
SI-GA-D8	GCAACAAA
SI-GA-D8	TAGTTGTC
SI-GA-D8	CGCCATCG
SI-GA-D8	ATTGGCGT
SI-GA-D9	AGGAGATG
SI-GA-D9	GATGTGGT
SI-GA-D9	CTACATCC
SI-GA-D9	TCCTCCAA
SI-GA-D10	CAATACCC
SI-GA-D10	TGTCTATG
SI-GA-D10	ACCACGAA
SI-GA-D10	GTGGGTGT
SI-GA-D11	CTTTGCGG
SI-GA-D11	TGCACAAA
SI-GA-D11	AAGCAGTC
SI-GA-D11	GCAGTTCT
SI-GA-D12	GCACAATG
SI-GA-D12	CTTGGTAC
SI-GA-D12	TGCACCGT
SI-GA-D12	AAGTTGCA
SI-GA-E1	TGGTAAAC
SI-GA-E1	GAAAGGGT
SI-GA-E1	ACTGCTCG
SI-GA-E1	CTCCTCTA
SI-GA-E2	GTGGTACC
SI-GA-E2	TACTATAG
SI-GA-E2	ACAAGGTA
SI-GA-E2	CGTCCCGT
SI-GA-E3	AGGTATTG
SI-GA-E3	CTCCTAGT
SI-GA-E3	TCAAGGCC
SI-GA-E3	GATGCCAA
SI-GA-E4	TTCGCCCT
SI-GA-E4	GGATGGGC
SI-GA-E4	AATCAATG
SI-GA-E4	CCGATTAA
SI-GA-E5	CATTAGCG
SI-GA-E5	TTCGCTGA
SI-GA-E5	ACAAGAAT
SI-GA-E5	GGGCTCTC
SI-GA-E6	CTGCGGCT
SI-GA-E6	GACTCAAA
SI-GA-E6	AGAAACTC
SI-GA-E6	TCTGTTGG
SI-GA-E7	CACGCCTT
SI-GA-E7	GTATATAG
SI-GA-E7	TCTCGGGC
SI-GA-E7	AGGATACA
SI-GA-E8	ATAGTTAC
SI-GA-E8	TGCTGAGT
SI-GA-E8	CCTACGTA
SI-GA-E8	GAGCACCG
SI-GA-E9	TTGTTTCC
SI-GA-E9	GGAGGAGG
SI-GA-E9	CCTAACAA
SI-GA-E9	AACCCGTT
SI-GA-E10	AAATGTGC
SI-GA-E10	GGGCAAAT
SI-GA-E10	TCTATCCG
SI-GA-E10	CTCGCGTA
SI-GA-E11	AAGCGCTG
SI-GA-E11	CGTTTGAT
SI-GA-E11	GTAGCACA
SI-GA-E11	TCCAATGC
SI-GA-E12	ACCGGCTC
SI-GA-E12	GAGTTAGT
SI-GA-E12	CGTCCTAG
SI-GA-E12	TTAAAGCA
SI-GA-F1	GTTGCAGC
SI-GA-F1	TGGAATTA
SI-GA-F1	CAATGGAG
SI-GA-F1	ACCCTCCT
SI-GA-F2	TTTACATG
SI-GA-F2	CGCGATAC
SI-GA-F2	ACGCGGGT
SI-GA-F2	GAATTCCA
SI-GA-F3	TTCAGGTG
SI-GA-F3	ACGGACAT
SI-GA-F3	GATCTTGA
SI-GA-F3	CGATCACC
SI-GA-F4	CCCAATAG
SI-GA-F4	GTGTCGCT
SI-GA-F4	AGAGTCGC
SI-GA-F4	TATCGATA
SI-GA-F5	GACTACGT
SI-GA-F5	CTAGCGAG
SI-GA-F5	TCTATATC
SI-GA-F5	AGGCGTCA
SI-GA-F6	CGGAGCAC
SI-GA-F6	GACCTATT
SI-GA-F6	ACTTAGGA
SI-GA-F6	TTAGCTCG
SI-GA-F7	CGTGCAGA
SI-GA-F7	AACAAGAT
SI-GA-F7	TCGCTTCG
SI-GA-F7	GTATGCTC
SI-GA-F8	CATGAACA
SI-GA-F8	TCACTCGC
SI-GA-F8	AGCTGGAT
SI-GA-F8	GTGACTTG
SI-GA-F9	CAAGCTCC
SI-GA-F9	GTTCACTG
SI-GA-F9	TCGTGAAA
SI-GA-F9	AGCATGGT
SI-GA-F10	GCTTGGCT
SI-GA-F10	AAACAAAC
SI-GA-F10	CGGGCTTA
SI-GA-F10	TTCATCGG
SI-GA-F11	GCGAGAGT
SI-GA-F11	TACGTTCA
SI-GA-F11	AGTCCCAC
SI-GA-F11	CTATAGTG
SI-GA-F12	TGATGCAT
SI-GA-F12	GCTACTGA
SI-GA-F12	CACCTGCC
SI-GA-F12	ATGGAATG
SI-GA-G1	ATGAATCT
SI-GA-G1	GATCTCAG
SI-GA-G1	CCAGGAGC
SI-GA-G1	TGCTCGTA
SI-GA-G2	TGATTCTA
SI-GA-G2	ACTAGGAG
SI-GA-G2	CAGCCACT
SI-GA-G2	GTCGATGC
SI-GA-G3	CCTCATTC
SI-GA-G3	AGCATCCG
SI-GA-G3	GTGGCAAT
SI-GA-G3	TAATGGGA
SI-GA-G4	GCGATGTG
SI-GA-G4	AGATACAA
SI-GA-G4	TTTCCACT
SI-GA-G4	CACGGTGC
SI-GA-G5	GAGCAAGA
SI-GA-G5	TCTGTGAT
SI-GA-G5	CGCAGTTC
SI-GA-G5	ATATCCCG
SI-GA-G6	CTGACGCG
SI-GA-G6	GGTCGTAC
SI-GA-G6	TCCTTCTT
SI-GA-G6	AAAGAAGA
SI-GA-G7	GGTATGCA
SI-GA-G7	CTCGAAAT
SI-GA-G7	ACACCTTC
SI-GA-G7	TAGTGCGG
SI-GA-G8	TATGAGCT
SI-GA-G8	CCGATAGC
SI-GA-G8	ATACCCAA
SI-GA-G8	GGCTGTTG
SI-GA-G9	TAGGACGT
SI-GA-G9	ATCCCACA
SI-GA-G9	GGAATGTC
SI-GA-G9	CCTTGTAG
SI-GA-G10	TCGCCAGC
SI-GA-G10	AATGTTAG
SI-GA-G10	CGATAGCT
SI-GA-G10	GTCAGCTA
SI-GA-G11	TTATCGTT
SI-GA-G11	AGCAGAGC
SI-GA-G11	CATCTCCA
SI-GA-G11	GCGGATAG
SI-GA-G12	ATTCTAAG
SI-GA-G12	CCCGATTA
SI-GA-G12	TGGAGGCT
SI-GA-G12	GAATCCGC
SI-GA-H1	GTATGTCA
SI-GA-H1	TGTCAGAC
SI-GA-H1	CACGTCGG
SI-GA-H1	ACGACATT
SI-GA-H2	TAATGACC
SI-GA-H2	ATGCCTTA
SI-GA-H2	GCCGAGAT
SI-GA-H2	CGTATCGG
SI-GA-H3	CCAAGATG
SI-GA-H3	AGGCCCGA
SI-GA-H3	TACGTGAC
SI-GA-H3	GTTTATCT
SI-GA-H4	GCCATTCC
SI-GA-H4	CAAGAATT
SI-GA-H4	TTGCCGGA
SI-GA-H4	AGTTGCAG
SI-GA-H5	CCACTACA
SI-GA-H5	GATTCTGG
SI-GA-H5	TGCGGCTT
SI-GA-H5	ATGAAGAC
SI-GA-H6	TAGGATAA
SI-GA-H6	CCTTTGTC
SI-GA-H6	GTACGCGG
SI-GA-H6	AGCACACT
SI-GA-H7	AGCTATCA
SI-GA-H7	CATATAAC
SI-GA-H7	TCAGGGTG
SI-GA-H7	GTGCCCGT
SI-GA-H8	TTGTTGAT
SI-GA-H8	GCTCAACC
SI-GA-H8	CAAAGTGG
SI-GA-H8	AGCGCCTA
SI-GA-H9	ACACTGTT
SI-GA-H9	CAGGATGG
SI-GA-H9	GGCTGAAC
SI-GA-H9	TTTACCCA
SI-GA-H10	GTAATTGC
SI-GA-H10	AGTCGCTT
SI-GA-H10	CACGAGAA
SI-GA-H10	TCGTCACG
SI-GA-H11	GGCGAGTA
SI-GA-H11	ACTTCTAT
SI-GA-H11	CAAATACG
SI-GA-H11	TTGCGCGC
SI-GA-H12	GACAGCAT
SI-GA-H12	TTTGTACA
SI-GA-H12	AGGCCGTG
SI-GA-H12	CCATATGC